arm,best_final,clone_share,collapse_generation,evaluations,improving_children,seed,success_rate,success_rate_excluding_clones,unique_final
difference,0.7560743852440013,0.0,,8790,2094,1000,0.23953328757721346,0.23953328757721346,48
difference,1.3386623981004306,0.0,,8790,2163,1001,0.24742621825669184,0.24742621825669184,48
difference,0.7418251500296597,0.0,,8790,2074,1002,0.23724548158316175,0.23724548158316175,48
difference,1.1405487170004083,0.0,,8790,2099,1003,0.24010523907572637,0.24010523907572637,48
difference,1.1155431233150763,0.0,,8790,2136,1004,0.24433768016472204,0.24433768016472204,48
difference,1.2710660022685782,0.0,,8790,2154,1005,0.24639670555936857,0.24639670555936857,48
difference,0.5804047893938679,0.0,,8790,2127,1006,0.24330816746739878,0.24330816746739878,48
difference,1.0536940116919127,0.0,,8790,2119,1007,0.24239304506977807,0.24239304506977807,48
difference,0.7701372034628422,0.0,,8790,2094,1008,0.23953328757721346,0.23953328757721346,48
difference,0.6246575562018151,0.0,,8790,2133,1009,0.24399450926561428,0.24399450926561428,48
gaussian,0.00577139715887442,0.0,,8790,1677,1000,0.19183253260123542,0.19183253260123542,48
gaussian,0.49880329507260346,0.0,,8790,1647,1001,0.18840082361015786,0.18840082361015786,48
gaussian,0.012228785601617288,0.0,,8790,1764,1002,0.20178448867536034,0.20178448867536034,48
gaussian,0.2062004060628911,0.0,,8790,1629,1003,0.18634179821551133,0.18634179821551133,48
gaussian,0.422519232435684,0.0,,8790,1733,1004,0.1982383893845802,0.1982383893845802,48
gaussian,0.1278826334124582,0.0,,8790,1560,1005,0.17844886753603295,0.17844886753603295,48
gaussian,0.26151710401836586,0.0,,8790,1663,1006,0.19023106840539922,0.19023106840539922,48
gaussian,0.10399338784610214,0.0,,8790,1657,1007,0.18954472660718372,0.18954472660718372,48
gaussian,0.13174137535775687,0.0,,8790,1787,1008,0.20441546556851978,0.20441546556851978,48
gaussian,0.23397828226101142,0.0,,8790,1713,1009,0.19595058339052848,0.19595058339052848,48
