ci_high,ci_low,family,mean,n,p,p_holm,positive,test
1.0069015220471005,0.6788744988094357,factorial,0.8184954055236021,5,0.0625,0.1875,5,size: shrinking - fixed = (A+C)/2 - (B+D)/2
0.07774816221830924,-0.23825881576281782,factorial,-0.08011476197027748,5,0.4375,0.875,2,direction: population - random = (A+B)/2 - (C+D)/2
0.32902335742106315,-0.5635038345727967,factorial,-0.12802667542449722,5,0.4375,0.875,1,interaction: (A-C) - (B-D)
0.015043940903577902,-0.31172788381263494,direction within size,-0.14412809968252605,5,0.3125,0.625,1,shrinking size: A - C
0.33571224550180817,-0.3679150940178658,direction within size,-0.01610142425802883,5,1.0,1.0,2,fixed size: B - D
0.3033097790723707,0.02759919826529056,vs random search,0.16376805315277138,5,0.1875,0.25,4,A difference - random
-0.3039678086665341,-0.7968002349362704,vs random search,-0.5907140146585822,5,0.0625,0.25,0,B normalised - random
0.4525773645409095,0.18246835637435263,vs random search,0.3078961528352974,5,0.0625,0.25,5,C size-matched - random
-0.26914185102213706,-0.9526626663255181,vs random search,-0.5746125904005532,5,0.0625,0.25,0,D Gaussian - random
