arm,best_final,clone_share,collapse_generation,evaluations,frozen_genes_final,gaussian_step_share,improving_children,seed,success_rate,success_rate_excluding_clones,unique_final
difference,1.6563648381415175,0.9706818181818182,30,8812,260,0.0,53,1000,0.0060227272727272725,0.2054263565891473,1
difference,1.395623006704942,0.9704545454545455,28,8812,260,0.0,55,1001,0.00625,0.21153846153846154,1
difference,1.2927770701552268,0.9398863636363637,63,8812,260,0.0,101,1002,0.011477272727272727,0.19092627599243855,1
difference,1.4049072848167412,0.9463636363636364,48,8812,260,0.0,91,1003,0.010340909090909092,0.19279661016949154,1
difference,1.1990405461482483,0.9579545454545455,39,8812,260,0.0,68,1004,0.007727272727272728,0.1837837837837838,1
size_matched,1.4963091342832051,0.8585227272727273,124,8812,260,0.0,241,1000,0.027386363636363636,0.19357429718875502,1
size_matched,1.4852692333711652,0.8522727272727273,131,8812,260,0.0,239,1001,0.02715909090909091,0.18384615384615385,1
size_matched,1.6080782505460511,0.8389772727272727,152,8812,260,0.0,255,1002,0.028977272727272727,0.17995765702187722,1
size_matched,1.4960920760285938,0.8809090909090909,99,8812,260,0.0,190,1003,0.02159090909090909,0.18129770992366412,1
size_matched,1.5836045501502907,0.8392045454545455,139,8812,260,0.0,276,1004,0.031363636363636364,0.1950530035335689,1
normalised,1.1790494925442323,0.15045454545454545,,8812,233,0.020454545454545454,1134,1000,0.12886363636363637,0.15168539325842698,11
normalised,1.0865247811883256,0.17931818181818182,,8812,241,0.02431818181818182,970,1001,0.11022727272727273,0.13431182497923014,11
normalised,1.2378477893866715,0.1784090909090909,,8812,191,0.025113636363636362,949,1002,0.10784090909090908,0.13125864453665284,12
normalised,1.226897546886283,0.17375,,8812,179,0.023636363636363636,988,1003,0.11227272727272727,0.1358822720396094,12
normalised,0.22919784819573796,0.18704545454545454,,8812,220,0.029545454545454545,924,1004,0.105,0.12915851272015655,12
gaussian,0.3646769974237328,0.0,,8812,1,1.0,1277,1000,0.14511363636363636,0.14511363636363636,12
gaussian,0.8024724581472195,0.0,,8812,0,1.0,1197,1001,0.13602272727272727,0.13602272727272727,12
gaussian,1.1659471507503563,0.0,,8812,1,1.0,1433,1002,0.1628409090909091,0.1628409090909091,12
gaussian,0.9573429073194506,0.0,,8812,0,1.0,1525,1003,0.17329545454545456,0.17329545454545456,12
gaussian,0.055940975264763375,0.0,,8812,6,1.0,1338,1004,0.15204545454545454,0.15204545454545454,12
random,1.243267132107353,,,8812,,,,1000,,,
random,1.3825671653086533,,,8812,,,,1001,,,
random,1.0285771342921555,,,8812,,,,1002,,,
random,1.2598180284099518,,,8812,,,,1003,,,
random,1.2156430200847053,,,8812,,,,1004,,,
