arm,generation,in_span_share,isotropic_share,seed,span_rank
difference,10,0.41435539196305604,0.04230769230769231,1000,11
difference,20,0.867478473824154,0.03461538461538462,1000,9
difference,10,0.38058968598225584,0.04230769230769231,1001,11
difference,20,0.7458539474657484,0.04230769230769231,1001,11
difference,10,0.3012800938393124,0.04230769230769231,1002,11
difference,20,0.7541650260848257,0.04230769230769231,1002,11
difference,30,0.6674693350113208,0.04230769230769231,1002,11
difference,40,0.7522190955377639,0.04230769230769231,1002,11
difference,50,0.2611872889388601,0.019230769230769232,1002,5
difference,10,0.41601884748918255,0.04230769230769231,1003,11
difference,20,0.5183393366583476,0.04230769230769231,1003,11
difference,30,0.3832176811729278,0.04230769230769231,1003,11
difference,40,0.9401007401218813,0.03461538461538462,1003,9
difference,10,0.40400577938515864,0.04230769230769231,1004,11
difference,20,0.6978863355880713,0.04230769230769231,1004,11
difference,30,0.6815391163744902,0.038461538461538464,1004,10
size_matched,10,0.04417138795800301,0.04230769230769231,1000,11
size_matched,20,0.04444816170654233,0.04230769230769231,1000,11
size_matched,30,0.04030991783957345,0.04230769230769231,1000,11
size_matched,40,0.04714327920792209,0.04230769230769231,1000,11
size_matched,50,0.03783673869976839,0.04230769230769231,1000,11
size_matched,60,0.024650753982765325,0.023076923076923078,1000,6
size_matched,10,0.046827701786843895,0.04230769230769231,1001,11
size_matched,20,0.04935077491040194,0.04230769230769231,1001,11
size_matched,30,0.035072019129683135,0.04230769230769231,1001,11
size_matched,40,0.03936481286363731,0.04230769230769231,1001,11
size_matched,50,0.0422954181467547,0.04230769230769231,1001,11
size_matched,60,0.0009924062681517533,0.0038461538461538464,1001,1
size_matched,10,0.04502699584570538,0.04230769230769231,1002,11
size_matched,20,0.04350923511592727,0.04230769230769231,1002,11
size_matched,30,0.03820020988397929,0.04230769230769231,1002,11
size_matched,40,0.04625699525602614,0.04230769230769231,1002,11
size_matched,50,0.043289339407573214,0.04230769230769231,1002,11
size_matched,60,0.036772818389825906,0.04230769230769231,1002,11
size_matched,70,0.009838703116312039,0.015384615384615385,1002,4
size_matched,80,0.00736755834567484,0.007692307692307693,1002,2
size_matched,10,0.049805145110842546,0.04230769230769231,1003,11
size_matched,20,0.03838357089141895,0.04230769230769231,1003,11
size_matched,30,0.048071706055711455,0.04230769230769231,1003,11
size_matched,40,0.047634363343890936,0.04230769230769231,1003,11
size_matched,50,0.04137653261644721,0.04230769230769231,1003,11
size_matched,60,0.01023720392162797,0.011538461538461539,1003,3
size_matched,10,0.04072467774753863,0.04230769230769231,1004,11
size_matched,20,0.05054090214888186,0.04230769230769231,1004,11
size_matched,30,0.04553155096859181,0.04230769230769231,1004,11
size_matched,40,0.03789500904098393,0.04230769230769231,1004,11
size_matched,50,0.05754663784877568,0.04230769230769231,1004,11
size_matched,60,0.0416443548600915,0.04230769230769231,1004,11
size_matched,70,0.0432983940076923,0.038461538461538464,1004,10
normalised,10,0.40081898313929915,0.04230769230769231,1000,11
normalised,20,0.5995994030400016,0.038461538461538464,1000,10
normalised,30,0.5488736093451578,0.03461538461538462,1000,9
normalised,40,0.40430927624743374,0.03076923076923077,1000,8
normalised,50,0.511812114755229,0.038461538461538464,1000,10
normalised,60,0.23682804222096507,0.03076923076923077,1000,8
normalised,70,0.9999999784774452,0.038461538461538464,1000,10
normalised,80,0.34429363073616115,0.04230769230769231,1000,11
normalised,90,0.7828514978411878,0.04230769230769231,1000,11
normalised,100,0.8955216552353998,0.04230769230769231,1000,11
normalised,110,0.5304406512542941,0.03076923076923077,1000,8
normalised,120,0.5963444625321708,0.04230769230769231,1000,11
normalised,130,0.7087712651339702,0.038461538461538464,1000,10
normalised,140,0.3458944884525931,0.038461538461538464,1000,10
normalised,150,0.2600538185649774,0.03076923076923077,1000,8
normalised,160,0.6842523747100968,0.038461538461538464,1000,10
normalised,170,0.5954614614697672,0.04230769230769231,1000,11
normalised,180,0.8195590421818633,0.038461538461538464,1000,10
normalised,190,0.6237955687148933,0.04230769230769231,1000,11
normalised,200,0.5128210042897038,0.04230769230769231,1000,11
normalised,210,0.4879873310879682,0.038461538461538464,1000,10
normalised,220,0.9179723314764167,0.04230769230769231,1000,11
normalised,230,0.5006349910461212,0.03076923076923077,1000,8
normalised,240,0.27118304758648826,0.03076923076923077,1000,8
normalised,250,0.3640689837511521,0.038461538461538464,1000,10
normalised,260,0.5288187374469775,0.04230769230769231,1000,11
normalised,270,0.922794260964578,0.04230769230769231,1000,11
normalised,280,0.3557076927972772,0.023076923076923078,1000,6
normalised,290,0.3421531495823371,0.04230769230769231,1000,11
normalised,300,0.5613180195586998,0.03076923076923077,1000,8
normalised,310,0.6734231058386271,0.04230769230769231,1000,11
normalised,320,0.36635435345666784,0.04230769230769231,1000,11
normalised,330,0.6409137275337602,0.04230769230769231,1000,11
normalised,340,0.48213257311139374,0.04230769230769231,1000,11
normalised,350,0.7206627276575669,0.04230769230769231,1000,11
normalised,360,0.591686596890293,0.04230769230769231,1000,11
normalised,370,0.49299957932544114,0.04230769230769231,1000,11
normalised,380,0.9704607701279659,0.04230769230769231,1000,11
normalised,390,0.894773438061962,0.04230769230769231,1000,11
normalised,400,1.0,0.015384615384615385,1000,4
normalised,410,0.459154040373935,0.038461538461538464,1000,10
normalised,420,0.3983671162492431,0.04230769230769231,1000,11
normalised,430,0.4872003906933757,0.04230769230769231,1000,11
normalised,440,0.47979315392178645,0.04230769230769231,1000,11
normalised,450,0.9999999999999997,0.03461538461538462,1000,9
normalised,460,0.48638423237826917,0.04230769230769231,1000,11
normalised,470,0.6598840057493487,0.04230769230769231,1000,11
normalised,480,0.720617490962121,0.04230769230769231,1000,11
normalised,490,0.8245013461507236,0.04230769230769231,1000,11
normalised,500,0.9997755189148775,0.03076923076923077,1000,8
normalised,510,0.507209045027171,0.015384615384615385,1000,4
normalised,520,0.5450677141474307,0.04230769230769231,1000,11
normalised,530,0.6572847826062258,0.04230769230769231,1000,11
normalised,540,0.24236073946181533,0.03461538461538462,1000,9
normalised,550,0.8000241499041889,0.015384615384615385,1000,4
normalised,560,0.8196482035626695,0.04230769230769231,1000,11
normalised,570,0.3610092107845705,0.04230769230769231,1000,11
normalised,580,0.540572692726293,0.04230769230769231,1000,11
normalised,590,0.4687891671387456,0.04230769230769231,1000,11
normalised,600,0.742953241800915,0.04230769230769231,1000,11
normalised,610,0.7240622568331836,0.038461538461538464,1000,10
normalised,620,0.8679876882744052,0.04230769230769231,1000,11
normalised,630,0.7737824211651231,0.04230769230769231,1000,11
normalised,640,0.5405887219072076,0.04230769230769231,1000,11
normalised,650,0.6292513249391288,0.04230769230769231,1000,11
normalised,660,0.6986421950303462,0.038461538461538464,1000,10
normalised,670,0.7792808152925479,0.04230769230769231,1000,11
normalised,680,0.41458196647963236,0.038461538461538464,1000,10
normalised,690,0.6451775598951988,0.04230769230769231,1000,11
normalised,700,0.6687748315723406,0.03076923076923077,1000,8
normalised,710,0.924358044854668,0.04230769230769231,1000,11
normalised,720,0.4573166815856604,0.03461538461538462,1000,9
normalised,730,0.6706652875070328,0.023076923076923078,1000,6
normalised,740,0.710350428842693,0.04230769230769231,1000,11
normalised,750,0.5042165996553079,0.03461538461538462,1000,9
normalised,760,0.5702078927329906,0.038461538461538464,1000,10
normalised,770,0.18304490696282638,0.015384615384615385,1000,4
normalised,780,0.5365387656370183,0.038461538461538464,1000,10
normalised,790,0.6356539005511627,0.04230769230769231,1000,11
normalised,800,0.5784575678877808,0.04230769230769231,1000,11
normalised,10,0.28452653476646234,0.04230769230769231,1001,11
normalised,20,0.5425809430815979,0.04230769230769231,1001,11
normalised,30,0.4648971486412508,0.038461538461538464,1001,10
normalised,40,0.43942455855029666,0.026923076923076925,1001,7
normalised,50,0.6014157097665265,0.04230769230769231,1001,11
normalised,60,0.43231761412728287,0.03461538461538462,1001,9
normalised,70,0.7281974354988466,0.04230769230769231,1001,11
normalised,80,0.7631694400760062,0.04230769230769231,1001,11
normalised,90,0.873924538190005,0.038461538461538464,1001,10
normalised,100,0.07652057424190757,0.015384615384615385,1001,4
normalised,110,0.47646768279021035,0.04230769230769231,1001,11
normalised,120,0.6488817124987578,0.04230769230769231,1001,11
normalised,130,0.4403061117421873,0.038461538461538464,1001,10
normalised,140,0.48828269022817905,0.038461538461538464,1001,10
normalised,150,0.3898416860845231,0.04230769230769231,1001,11
normalised,160,0.5616868945686,0.04230769230769231,1001,11
normalised,170,0.6022159043060079,0.04230769230769231,1001,11
normalised,180,0.4440986475905855,0.04230769230769231,1001,11
normalised,190,0.7714416159640618,0.038461538461538464,1001,10
normalised,200,0.5098794671825587,0.04230769230769231,1001,11
normalised,210,0.8748091471722473,0.03076923076923077,1001,8
normalised,220,0.8354480460659595,0.04230769230769231,1001,11
normalised,230,0.8052231034818921,0.026923076923076925,1001,7
normalised,240,0.46570039166168137,0.04230769230769231,1001,11
normalised,250,0.7317255569448365,0.03461538461538462,1001,9
normalised,260,0.8360600175870462,0.03076923076923077,1001,8
normalised,270,0.6104042597921011,0.038461538461538464,1001,10
normalised,280,0.7368104720736431,0.04230769230769231,1001,11
normalised,290,0.7990264411604215,0.04230769230769231,1001,11
normalised,300,0.27957213032327294,0.04230769230769231,1001,11
normalised,310,0.665220488043637,0.038461538461538464,1001,10
normalised,320,0.7448762439091836,0.038461538461538464,1001,10
normalised,330,0.4943499143437846,0.038461538461538464,1001,10
normalised,340,0.8771151075822617,0.03461538461538462,1001,9
normalised,350,0.7305708597731536,0.04230769230769231,1001,11
normalised,360,0.6360759243243208,0.03076923076923077,1001,8
normalised,370,0.5870181088185101,0.015384615384615385,1001,4
normalised,380,0.4418250098653775,0.04230769230769231,1001,11
normalised,390,0.5482115796618111,0.04230769230769231,1001,11
normalised,400,0.37340730431391683,0.03461538461538462,1001,9
normalised,410,0.7195463789639093,0.04230769230769231,1001,11
normalised,420,0.44140772815056706,0.03076923076923077,1001,8
normalised,430,0.9983003799495065,0.03461538461538462,1001,9
normalised,440,0.8406932201871314,0.03076923076923077,1001,8
normalised,450,0.15688229658517538,0.011538461538461539,1001,3
normalised,460,0.6024140625902086,0.04230769230769231,1001,11
normalised,470,0.9280533798119082,0.04230769230769231,1001,11
normalised,480,0.25891473340643234,0.015384615384615385,1001,4
normalised,490,0.40153440310081495,0.04230769230769231,1001,11
normalised,500,0.68605744690408,0.038461538461538464,1001,10
normalised,510,0.9999999999999999,0.026923076923076925,1001,7
normalised,520,0.7861183557285322,0.04230769230769231,1001,11
normalised,530,0.7701706360446217,0.04230769230769231,1001,11
normalised,540,0.9999999999999997,0.023076923076923078,1001,6
normalised,550,0.6857585343402743,0.04230769230769231,1001,11
normalised,560,0.5156006940119797,0.04230769230769231,1001,11
normalised,570,0.3913864552704293,0.038461538461538464,1001,10
normalised,580,0.9955247033542577,0.038461538461538464,1001,10
normalised,590,0.5156319512631061,0.03076923076923077,1001,8
normalised,600,1.0000000000000002,0.019230769230769232,1001,5
normalised,610,0.5119140095522603,0.03461538461538462,1001,9
normalised,620,0.4050428666950876,0.038461538461538464,1001,10
normalised,630,0.677698914008081,0.038461538461538464,1001,10
normalised,640,0.3007055912172384,0.038461538461538464,1001,10
normalised,650,0.4883463185449662,0.04230769230769231,1001,11
normalised,660,0.9994093988777555,0.038461538461538464,1001,10
normalised,670,0.627392184198677,0.04230769230769231,1001,11
normalised,680,0.49964665385626866,0.04230769230769231,1001,11
normalised,690,0.9685149837155892,0.038461538461538464,1001,10
normalised,700,0.5336931639849156,0.04230769230769231,1001,11
normalised,710,1.0000000000000002,0.03076923076923077,1001,8
normalised,720,0.6058169254018286,0.03461538461538462,1001,9
normalised,730,0.7052134448840437,0.04230769230769231,1001,11
normalised,740,0.9168557987587878,0.03461538461538462,1001,9
normalised,750,0.7753347261599778,0.038461538461538464,1001,10
normalised,760,0.9650679136823604,0.038461538461538464,1001,10
normalised,770,0.2568969228823765,0.019230769230769232,1001,5
normalised,780,0.7552263341984646,0.03461538461538462,1001,9
normalised,790,0.5478626142536743,0.04230769230769231,1001,11
normalised,800,0.7987115548335697,0.038461538461538464,1001,10
normalised,10,0.3645002812965213,0.04230769230769231,1002,11
normalised,20,0.5351417349793676,0.04230769230769231,1002,11
normalised,30,0.5144699315762421,0.038461538461538464,1002,10
normalised,40,0.22527032130277347,0.026923076923076925,1002,7
normalised,50,0.8013820607901254,0.04230769230769231,1002,11
normalised,60,0.7190056371523531,0.04230769230769231,1002,11
normalised,70,0.7287774652982056,0.03461538461538462,1002,9
normalised,80,0.83189180903759,0.04230769230769231,1002,11
normalised,90,0.4282905420906678,0.019230769230769232,1002,5
normalised,100,0.47174225432149103,0.04230769230769231,1002,11
normalised,110,0.7146141354195495,0.04230769230769231,1002,11
normalised,120,0.8586544934846227,0.04230769230769231,1002,11
normalised,130,0.5507204562690174,0.04230769230769231,1002,11
normalised,140,0.8498515421173987,0.038461538461538464,1002,10
normalised,150,0.20840233468431782,0.023076923076923078,1002,6
normalised,160,0.4261517732476443,0.04230769230769231,1002,11
normalised,170,0.5524505727971408,0.03461538461538462,1002,9
normalised,180,0.6610383557861462,0.04230769230769231,1002,11
normalised,190,0.38287468890008575,0.04230769230769231,1002,11
normalised,200,0.6122515154377599,0.04230769230769231,1002,11
normalised,210,0.43080372807147577,0.04230769230769231,1002,11
normalised,220,0.6302957233219353,0.04230769230769231,1002,11
normalised,230,0.6208886869214295,0.038461538461538464,1002,10
normalised,240,0.37931424630325566,0.04230769230769231,1002,11
normalised,250,0.6061264220067151,0.026923076923076925,1002,7
normalised,260,0.8056505996917908,0.038461538461538464,1002,10
normalised,270,0.5193304450558013,0.04230769230769231,1002,11
normalised,280,0.9841196025161693,0.03461538461538462,1002,9
normalised,290,0.40972388577287,0.04230769230769231,1002,11
normalised,300,0.8218142954339662,0.04230769230769231,1002,11
normalised,310,0.6320252746244546,0.038461538461538464,1002,10
normalised,320,0.33664208591349165,0.03076923076923077,1002,8
normalised,330,0.8512191489745841,0.038461538461538464,1002,10
normalised,340,0.34836638185602475,0.04230769230769231,1002,11
normalised,350,0.6155892765765401,0.04230769230769231,1002,11
normalised,360,0.6666666666666662,0.015384615384615385,1002,4
normalised,370,0.6194445914639907,0.038461538461538464,1002,10
normalised,380,0.5284785171913667,0.04230769230769231,1002,11
normalised,390,0.44829603323920636,0.03461538461538462,1002,9
normalised,400,0.8934577186823877,0.038461538461538464,1002,10
normalised,410,0.7673790785424301,0.038461538461538464,1002,10
normalised,420,0.49354790697461487,0.026923076923076925,1002,7
normalised,430,0.8093568943953094,0.04230769230769231,1002,11
normalised,440,0.5182677876273506,0.04230769230769231,1002,11
normalised,450,0.9000815554203248,0.04230769230769231,1002,11
normalised,460,0.8656493663400772,0.038461538461538464,1002,10
normalised,470,0.99985423252943,0.023076923076923078,1002,6
normalised,480,0.6653528947780439,0.04230769230769231,1002,11
normalised,490,0.9913002525662544,0.038461538461538464,1002,10
normalised,500,0.5170279961761641,0.04230769230769231,1002,11
normalised,510,0.5360654325413217,0.04230769230769231,1002,11
normalised,520,1.0,0.023076923076923078,1002,6
normalised,530,0.7818722386638374,0.04230769230769231,1002,11
normalised,540,0.39840802895035754,0.04230769230769231,1002,11
normalised,550,0.7516774407311333,0.038461538461538464,1002,10
normalised,560,0.4142180729658855,0.04230769230769231,1002,11
normalised,570,0.7920786341721225,0.04230769230769231,1002,11
normalised,580,0.47290163400334784,0.04230769230769231,1002,11
normalised,590,0.5803484855256065,0.026923076923076925,1002,7
normalised,600,1.0000000000000004,0.023076923076923078,1002,6
normalised,610,0.28326937495941396,0.04230769230769231,1002,11
normalised,620,0.6032367575127118,0.04230769230769231,1002,11
normalised,630,0.9505839589017775,0.04230769230769231,1002,11
normalised,640,0.6302265150843429,0.03076923076923077,1002,8
normalised,650,0.5498726547408773,0.03461538461538462,1002,9
normalised,660,0.7680692423310099,0.038461538461538464,1002,10
normalised,670,0.27492534598285545,0.038461538461538464,1002,10
normalised,680,0.8635042709971921,0.038461538461538464,1002,10
normalised,690,0.4343581298505722,0.03461538461538462,1002,9
normalised,700,0.9010613499127516,0.04230769230769231,1002,11
normalised,710,0.3949765904469603,0.04230769230769231,1002,11
normalised,720,0.737063964718949,0.04230769230769231,1002,11
normalised,730,0.48303722839346064,0.04230769230769231,1002,11
normalised,740,0.6835170583888632,0.04230769230769231,1002,11
normalised,750,0.6859360230541174,0.04230769230769231,1002,11
normalised,760,0.7672726202695704,0.026923076923076925,1002,7
normalised,770,0.8964790843572962,0.04230769230769231,1002,11
normalised,780,0.48347106607245627,0.038461538461538464,1002,10
normalised,790,0.6770234558683765,0.04230769230769231,1002,11
normalised,800,0.19409297782044918,0.03461538461538462,1002,9
normalised,10,0.3735535808980275,0.04230769230769231,1003,11
normalised,20,0.5146051896785087,0.04230769230769231,1003,11
normalised,30,0.6623496899679208,0.04230769230769231,1003,11
normalised,40,0.7393556776683265,0.04230769230769231,1003,11
normalised,50,0.6930660200474567,0.03076923076923077,1003,8
normalised,60,0.8900650915768566,0.023076923076923078,1003,6
normalised,70,0.15151754628926445,0.015384615384615385,1003,4
normalised,80,0.872567445258718,0.038461538461538464,1003,10
normalised,90,0.33629712064013917,0.04230769230769231,1003,11
normalised,100,0.7305618815022094,0.04230769230769231,1003,11
normalised,110,0.8554656679183885,0.03461538461538462,1003,9
normalised,120,0.4893164274474685,0.04230769230769231,1003,11
normalised,130,0.5436146018293267,0.04230769230769231,1003,11
normalised,140,0.5715528712076953,0.04230769230769231,1003,11
normalised,150,0.5273647830666366,0.04230769230769231,1003,11
normalised,160,0.7552808444057544,0.03076923076923077,1003,8
normalised,170,0.6727647782426498,0.03076923076923077,1003,8
normalised,180,0.33352022706499596,0.023076923076923078,1003,6
normalised,190,0.6349878105164617,0.04230769230769231,1003,11
normalised,200,0.6,0.011538461538461539,1003,3
normalised,210,0.7051711040287444,0.038461538461538464,1003,10
normalised,220,0.1640711446384114,0.019230769230769232,1003,5
normalised,230,0.6845542483384457,0.04230769230769231,1003,11
normalised,240,0.7873867610029627,0.026923076923076925,1003,7
normalised,250,0.5940505758484107,0.04230769230769231,1003,11
normalised,260,0.7052739671869075,0.04230769230769231,1003,11
normalised,270,0.7999244062571169,0.04230769230769231,1003,11
normalised,280,0.7084437175019426,0.04230769230769231,1003,11
normalised,290,0.10477902609996473,0.023076923076923078,1003,6
normalised,300,0.5513646686731926,0.038461538461538464,1003,10
normalised,310,0.8647156369562691,0.03076923076923077,1003,8
normalised,320,0.5814022858615048,0.04230769230769231,1003,11
normalised,330,0.3043731614771301,0.038461538461538464,1003,10
normalised,340,0.6671549861947786,0.038461538461538464,1003,10
normalised,350,1.0000000000000004,0.03461538461538462,1003,9
normalised,360,0.4263086796251404,0.026923076923076925,1003,7
normalised,370,0.508328648631686,0.04230769230769231,1003,11
normalised,380,0.687752553647558,0.03461538461538462,1003,9
normalised,390,0.41719287043532755,0.03076923076923077,1003,8
normalised,400,0.6774759937660184,0.04230769230769231,1003,11
normalised,410,0.9924522685781526,0.038461538461538464,1003,10
normalised,420,0.5723422067549094,0.04230769230769231,1003,11
normalised,430,0.5668794702341452,0.038461538461538464,1003,10
normalised,440,0.6090137427676694,0.038461538461538464,1003,10
normalised,450,0.8632990529077459,0.04230769230769231,1003,11
normalised,460,0.8842081541640568,0.038461538461538464,1003,10
normalised,470,0.42261562341178,0.04230769230769231,1003,11
normalised,480,0.4206969064633417,0.04230769230769231,1003,11
normalised,490,0.8545028987142461,0.04230769230769231,1003,11
normalised,500,0.9464774739603972,0.038461538461538464,1003,10
normalised,510,0.7628328849243423,0.04230769230769231,1003,11
normalised,520,0.8519353822457505,0.04230769230769231,1003,11
normalised,530,0.6718740803976669,0.04230769230769231,1003,11
normalised,540,0.4561934028882071,0.038461538461538464,1003,10
normalised,550,0.9049896909232602,0.038461538461538464,1003,10
normalised,560,0.8659074621119917,0.026923076923076925,1003,7
normalised,570,0.4176138701086079,0.04230769230769231,1003,11
normalised,580,0.2813915575395748,0.019230769230769232,1003,5
normalised,590,0.5830989224780033,0.038461538461538464,1003,10
normalised,600,0.6361594011019995,0.03461538461538462,1003,9
normalised,610,0.43515936076231715,0.023076923076923078,1003,6
normalised,620,0.9873766935493385,0.038461538461538464,1003,10
normalised,630,0.3743448991363398,0.04230769230769231,1003,11
normalised,640,0.694771322187315,0.04230769230769231,1003,11
normalised,650,0.8731092268587002,0.04230769230769231,1003,11
normalised,660,0.5936812077197321,0.03461538461538462,1003,9
normalised,670,0.22420469839944043,0.03461538461538462,1003,9
normalised,680,0.5642299342316819,0.04230769230769231,1003,11
normalised,690,0.6465624315442454,0.04230769230769231,1003,11
normalised,700,0.5263323924617613,0.038461538461538464,1003,10
normalised,710,0.6477696229213445,0.038461538461538464,1003,10
normalised,720,0.4974029565010092,0.038461538461538464,1003,10
normalised,730,0.4031513786319731,0.04230769230769231,1003,11
normalised,740,0.5751815016670533,0.04230769230769231,1003,11
normalised,750,0.4532682204071265,0.019230769230769232,1003,5
normalised,760,0.3437013831494679,0.04230769230769231,1003,11
normalised,770,0.4380502202873426,0.04230769230769231,1003,11
normalised,780,0.6649740870723726,0.04230769230769231,1003,11
normalised,790,0.26427999486336123,0.023076923076923078,1003,6
normalised,800,0.4571100343929749,0.04230769230769231,1003,11
normalised,10,0.44787514937896417,0.04230769230769231,1004,11
normalised,20,0.5056139203092607,0.04230769230769231,1004,11
normalised,30,0.8717293748960532,0.04230769230769231,1004,11
normalised,40,0.31288817232162913,0.038461538461538464,1004,10
normalised,50,0.6035270873313986,0.04230769230769231,1004,11
normalised,60,0.7506856886652081,0.03076923076923077,1004,8
normalised,70,0.6919838826788489,0.04230769230769231,1004,11
normalised,80,0.2558067185949009,0.019230769230769232,1004,5
normalised,90,0.21721913761095663,0.026923076923076925,1004,7
normalised,100,0.6667030769367961,0.04230769230769231,1004,11
normalised,110,0.6105266710789258,0.04230769230769231,1004,11
normalised,120,0.9365925324101342,0.04230769230769231,1004,11
normalised,130,0.41210945117841885,0.04230769230769231,1004,11
normalised,140,0.7372819054401056,0.04230769230769231,1004,11
normalised,150,0.8403090069834711,0.03461538461538462,1004,9
normalised,160,0.7945117666063912,0.038461538461538464,1004,10
normalised,170,0.4480457561249444,0.04230769230769231,1004,11
normalised,180,0.4697293979687837,0.04230769230769231,1004,11
normalised,190,0.5466127848089076,0.03076923076923077,1004,8
normalised,200,0.7064036944538478,0.04230769230769231,1004,11
normalised,210,0.7754384879986261,0.03461538461538462,1004,9
normalised,220,0.7342074331554815,0.04230769230769231,1004,11
normalised,230,0.6287562690903845,0.038461538461538464,1004,10
normalised,240,0.6311066756587573,0.04230769230769231,1004,11
normalised,250,0.713584961564011,0.03461538461538462,1004,9
normalised,260,0.40088379910648,0.04230769230769231,1004,11
normalised,270,0.8622388145308125,0.03461538461538462,1004,9
normalised,280,0.7630720384866875,0.038461538461538464,1004,10
normalised,290,0.5006458981992375,0.04230769230769231,1004,11
normalised,300,0.7109419639816211,0.038461538461538464,1004,10
normalised,310,0.34134201697005456,0.03076923076923077,1004,8
normalised,320,0.8016447319058095,0.03076923076923077,1004,8
normalised,330,0.6372975523370468,0.038461538461538464,1004,10
normalised,340,0.41254560881273705,0.03461538461538462,1004,9
normalised,350,0.9008853180155485,0.023076923076923078,1004,6
normalised,360,0.5725499896115624,0.04230769230769231,1004,11
normalised,370,0.4897735769331522,0.038461538461538464,1004,10
normalised,380,0.4826257060541703,0.03076923076923077,1004,8
normalised,390,0.4767889035610772,0.023076923076923078,1004,6
normalised,400,0.9061222786679825,0.04230769230769231,1004,11
normalised,410,0.3613560326687221,0.04230769230769231,1004,11
normalised,420,0.7489013902305289,0.026923076923076925,1004,7
normalised,430,0.74690734648519,0.04230769230769231,1004,11
normalised,440,0.44908677258430574,0.04230769230769231,1004,11
normalised,450,0.4742540100239581,0.038461538461538464,1004,10
normalised,460,0.19707148444621045,0.038461538461538464,1004,10
normalised,470,0.5834119236682234,0.038461538461538464,1004,10
normalised,480,0.8271070615255692,0.03461538461538462,1004,9
normalised,490,0.28951368205724387,0.038461538461538464,1004,10
normalised,500,0.5004176742279579,0.011538461538461539,1004,3
normalised,510,0.4910739211418668,0.03076923076923077,1004,8
normalised,520,0.729362290533781,0.04230769230769231,1004,11
normalised,530,0.6475438649564322,0.038461538461538464,1004,10
normalised,540,0.32242541209415504,0.04230769230769231,1004,11
normalised,550,0.6587779483700406,0.04230769230769231,1004,11
normalised,560,0.5340107129235555,0.038461538461538464,1004,10
normalised,570,0.6208610716695165,0.04230769230769231,1004,11
normalised,580,0.6174224214143897,0.026923076923076925,1004,7
normalised,590,0.6321010718743917,0.04230769230769231,1004,11
normalised,600,1.0000000000000009,0.026923076923076925,1004,7
normalised,610,0.7999999999999996,0.019230769230769232,1004,5
normalised,620,0.44164887090077554,0.04230769230769231,1004,11
normalised,630,0.7891413466744815,0.04230769230769231,1004,11
normalised,640,0.4581035026886302,0.015384615384615385,1004,4
normalised,650,0.6981412278012804,0.04230769230769231,1004,11
normalised,660,0.8025654712122207,0.04230769230769231,1004,11
normalised,670,0.4138288385584671,0.038461538461538464,1004,10
normalised,680,0.7276509245136297,0.03461538461538462,1004,9
normalised,690,0.3441777350063654,0.019230769230769232,1004,5
normalised,700,0.780107934636219,0.023076923076923078,1004,6
normalised,710,0.8078892550431717,0.023076923076923078,1004,6
normalised,720,0.6996431618720996,0.038461538461538464,1004,10
normalised,730,0.899503125997224,0.03461538461538462,1004,9
normalised,740,0.5187714019244362,0.038461538461538464,1004,10
normalised,750,0.8570300896121281,0.038461538461538464,1004,10
normalised,760,0.9266284155036252,0.038461538461538464,1004,10
normalised,770,0.3989619142506777,0.04230769230769231,1004,11
normalised,780,0.514742310148518,0.04230769230769231,1004,11
normalised,790,0.756445709186521,0.038461538461538464,1004,10
normalised,800,0.4415929009732892,0.038461538461538464,1004,10
gaussian,10,0.03870873464834174,0.04230769230769231,1000,11
gaussian,20,0.04977014482278066,0.04230769230769231,1000,11
gaussian,30,0.04384987043762022,0.04230769230769231,1000,11
gaussian,40,0.04714424457520195,0.04230769230769231,1000,11
gaussian,50,0.041336214389650926,0.04230769230769231,1000,11
gaussian,60,0.05327678155452113,0.04230769230769231,1000,11
gaussian,70,0.049360426577699366,0.04230769230769231,1000,11
gaussian,80,0.042731318215871346,0.04230769230769231,1000,11
gaussian,90,0.04004121809462336,0.04230769230769231,1000,11
gaussian,100,0.0600293417917132,0.04230769230769231,1000,11
gaussian,110,0.04451118491966559,0.04230769230769231,1000,11
gaussian,120,0.0485216098163715,0.04230769230769231,1000,11
gaussian,130,0.04194951836767509,0.04230769230769231,1000,11
gaussian,140,0.033509490025205264,0.04230769230769231,1000,11
gaussian,150,0.0390527487864498,0.04230769230769231,1000,11
gaussian,160,0.04467448410121771,0.04230769230769231,1000,11
gaussian,170,0.04371435673954332,0.04230769230769231,1000,11
gaussian,180,0.04070946014814406,0.04230769230769231,1000,11
gaussian,190,0.03892108490983974,0.04230769230769231,1000,11
gaussian,200,0.04364841407546442,0.04230769230769231,1000,11
gaussian,210,0.04086287871471064,0.04230769230769231,1000,11
gaussian,220,0.03232613125656877,0.04230769230769231,1000,11
gaussian,230,0.03548183728016843,0.04230769230769231,1000,11
gaussian,240,0.03986667963434121,0.04230769230769231,1000,11
gaussian,250,0.035921978106201465,0.04230769230769231,1000,11
gaussian,260,0.03910975331456946,0.04230769230769231,1000,11
gaussian,270,0.04302781601655927,0.04230769230769231,1000,11
gaussian,280,0.038187508217398386,0.04230769230769231,1000,11
gaussian,290,0.03690135493523188,0.04230769230769231,1000,11
gaussian,300,0.037018262470614224,0.04230769230769231,1000,11
gaussian,310,0.03947080038710146,0.04230769230769231,1000,11
gaussian,320,0.040143361431913153,0.04230769230769231,1000,11
gaussian,330,0.04136469933596771,0.04230769230769231,1000,11
gaussian,340,0.039283835869661325,0.04230769230769231,1000,11
gaussian,350,0.04107914628718024,0.04230769230769231,1000,11
gaussian,360,0.04777249291747287,0.04230769230769231,1000,11
gaussian,370,0.04296013954564053,0.04230769230769231,1000,11
gaussian,380,0.048957132733827395,0.04230769230769231,1000,11
gaussian,390,0.039643640583359736,0.04230769230769231,1000,11
gaussian,400,0.046232303034028074,0.04230769230769231,1000,11
gaussian,410,0.04095312445606199,0.04230769230769231,1000,11
gaussian,420,0.04692227056385519,0.04230769230769231,1000,11
gaussian,430,0.036009924450130154,0.04230769230769231,1000,11
gaussian,440,0.04189686316813101,0.04230769230769231,1000,11
gaussian,450,0.04179736035063734,0.04230769230769231,1000,11
gaussian,460,0.0338919229259061,0.04230769230769231,1000,11
gaussian,470,0.04762839522214406,0.04230769230769231,1000,11
gaussian,480,0.03513208274037102,0.04230769230769231,1000,11
gaussian,490,0.057060734810490926,0.04230769230769231,1000,11
gaussian,500,0.05482315885596207,0.04230769230769231,1000,11
gaussian,510,0.05422312651705985,0.04230769230769231,1000,11
gaussian,520,0.03904127950572677,0.04230769230769231,1000,11
gaussian,530,0.043086881284495775,0.04230769230769231,1000,11
gaussian,540,0.040630808281111035,0.04230769230769231,1000,11
gaussian,550,0.052028082032309714,0.04230769230769231,1000,11
gaussian,560,0.043541329239789026,0.04230769230769231,1000,11
gaussian,570,0.042726992237420276,0.04230769230769231,1000,11
gaussian,580,0.046904158255234266,0.04230769230769231,1000,11
gaussian,590,0.04792298422033856,0.04230769230769231,1000,11
gaussian,600,0.04417467553013638,0.04230769230769231,1000,11
gaussian,610,0.039497392843145414,0.04230769230769231,1000,11
gaussian,620,0.04102514018663936,0.04230769230769231,1000,11
gaussian,630,0.037406996340330866,0.04230769230769231,1000,11
gaussian,640,0.03577606248161181,0.04230769230769231,1000,11
gaussian,650,0.041971290678624915,0.04230769230769231,1000,11
gaussian,660,0.04605906978548288,0.04230769230769231,1000,11
gaussian,670,0.04452419809397839,0.04230769230769231,1000,11
gaussian,680,0.046104713258440316,0.04230769230769231,1000,11
gaussian,690,0.04134794731757037,0.04230769230769231,1000,11
gaussian,700,0.03787840595909989,0.04230769230769231,1000,11
gaussian,710,0.03849850676886257,0.04230769230769231,1000,11
gaussian,720,0.03879883846423678,0.04230769230769231,1000,11
gaussian,730,0.045128620132968894,0.04230769230769231,1000,11
gaussian,740,0.03899904171818955,0.04230769230769231,1000,11
gaussian,750,0.03303135676706545,0.04230769230769231,1000,11
gaussian,760,0.04142052282426215,0.04230769230769231,1000,11
gaussian,770,0.04477652540003397,0.04230769230769231,1000,11
gaussian,780,0.04297387924090561,0.04230769230769231,1000,11
gaussian,790,0.03811416649849713,0.04230769230769231,1000,11
gaussian,800,0.04588684323474575,0.04230769230769231,1000,11
gaussian,10,0.04266462422211142,0.04230769230769231,1001,11
gaussian,20,0.04719920720050642,0.04230769230769231,1001,11
gaussian,30,0.03670994345098502,0.04230769230769231,1001,11
gaussian,40,0.03960530675132968,0.04230769230769231,1001,11
gaussian,50,0.044742999626030504,0.04230769230769231,1001,11
gaussian,60,0.04348896644672531,0.04230769230769231,1001,11
gaussian,70,0.04411264906850269,0.04230769230769231,1001,11
gaussian,80,0.05091695497005743,0.04230769230769231,1001,11
gaussian,90,0.04799572296304604,0.04230769230769231,1001,11
gaussian,100,0.041370445221005005,0.04230769230769231,1001,11
gaussian,110,0.037657735765351336,0.04230769230769231,1001,11
gaussian,120,0.0455886762080998,0.04230769230769231,1001,11
gaussian,130,0.03486883773514878,0.04230769230769231,1001,11
gaussian,140,0.03897822138252902,0.04230769230769231,1001,11
gaussian,150,0.0440255682938347,0.04230769230769231,1001,11
gaussian,160,0.03456355572158335,0.04230769230769231,1001,11
gaussian,170,0.03651138489318877,0.04230769230769231,1001,11
gaussian,180,0.03229986682659766,0.04230769230769231,1001,11
gaussian,190,0.04381054124362163,0.04230769230769231,1001,11
gaussian,200,0.04561483044067183,0.04230769230769231,1001,11
gaussian,210,0.040413673421144984,0.04230769230769231,1001,11
gaussian,220,0.04036197187629737,0.04230769230769231,1001,11
gaussian,230,0.04134816896042038,0.04230769230769231,1001,11
gaussian,240,0.033312456357043115,0.04230769230769231,1001,11
gaussian,250,0.04348541553843404,0.04230769230769231,1001,11
gaussian,260,0.04164540515821459,0.04230769230769231,1001,11
gaussian,270,0.03396928226849665,0.04230769230769231,1001,11
gaussian,280,0.049623368110205575,0.04230769230769231,1001,11
gaussian,290,0.044407456933329495,0.04230769230769231,1001,11
gaussian,300,0.04196165908192859,0.04230769230769231,1001,11
gaussian,310,0.05429136854268127,0.04230769230769231,1001,11
gaussian,320,0.04257171303748393,0.04230769230769231,1001,11
gaussian,330,0.04179885099663257,0.04230769230769231,1001,11
gaussian,340,0.03992930519064061,0.04230769230769231,1001,11
gaussian,350,0.040598703884124274,0.04230769230769231,1001,11
gaussian,360,0.03703557297291642,0.04230769230769231,1001,11
gaussian,370,0.04855975396906127,0.04230769230769231,1001,11
gaussian,380,0.03908084693523016,0.04230769230769231,1001,11
gaussian,390,0.048200993871975246,0.04230769230769231,1001,11
gaussian,400,0.043520864045632664,0.04230769230769231,1001,11
gaussian,410,0.046209928643139594,0.04230769230769231,1001,11
gaussian,420,0.039258031464548836,0.04230769230769231,1001,11
gaussian,430,0.04155286581280479,0.04230769230769231,1001,11
gaussian,440,0.043828036539134786,0.04230769230769231,1001,11
gaussian,450,0.04554759188343711,0.04230769230769231,1001,11
gaussian,460,0.04144613497449924,0.04230769230769231,1001,11
gaussian,470,0.041913789850248954,0.04230769230769231,1001,11
gaussian,480,0.03562254836420969,0.04230769230769231,1001,11
gaussian,490,0.03850879826135141,0.04230769230769231,1001,11
gaussian,500,0.04374493744612675,0.04230769230769231,1001,11
gaussian,510,0.044950420658796834,0.04230769230769231,1001,11
gaussian,520,0.0482328262167988,0.04230769230769231,1001,11
gaussian,530,0.04291918787134943,0.04230769230769231,1001,11
gaussian,540,0.04050690294931291,0.04230769230769231,1001,11
gaussian,550,0.03978515271015083,0.04230769230769231,1001,11
gaussian,560,0.03766842115918812,0.04230769230769231,1001,11
gaussian,570,0.043004832974989124,0.04230769230769231,1001,11
gaussian,580,0.03792438953227285,0.04230769230769231,1001,11
gaussian,590,0.03853716085576645,0.04230769230769231,1001,11
gaussian,600,0.03920997745075904,0.04230769230769231,1001,11
gaussian,610,0.04370974543661027,0.04230769230769231,1001,11
gaussian,620,0.04432810845436775,0.04230769230769231,1001,11
gaussian,630,0.047782312177810767,0.04230769230769231,1001,11
gaussian,640,0.0439061461828014,0.04230769230769231,1001,11
gaussian,650,0.03624643802055232,0.04230769230769231,1001,11
gaussian,660,0.041399886753460284,0.04230769230769231,1001,11
gaussian,670,0.04509566427629262,0.04230769230769231,1001,11
gaussian,680,0.037796022567266205,0.04230769230769231,1001,11
gaussian,690,0.0369875956558715,0.04230769230769231,1001,11
gaussian,700,0.03111707119506718,0.04230769230769231,1001,11
gaussian,710,0.03906166001353279,0.04230769230769231,1001,11
gaussian,720,0.033242678205565195,0.04230769230769231,1001,11
gaussian,730,0.03635725134263476,0.04230769230769231,1001,11
gaussian,740,0.04037085671110028,0.04230769230769231,1001,11
gaussian,750,0.04071967132872478,0.04230769230769231,1001,11
gaussian,760,0.04453112070512271,0.04230769230769231,1001,11
gaussian,770,0.04485864311929378,0.04230769230769231,1001,11
gaussian,780,0.053241725264490274,0.04230769230769231,1001,11
gaussian,790,0.04948615804329293,0.04230769230769231,1001,11
gaussian,800,0.033383534155960626,0.04230769230769231,1001,11
gaussian,10,0.037964471740331386,0.04230769230769231,1002,11
gaussian,20,0.04808732666518189,0.04230769230769231,1002,11
gaussian,30,0.038058360471929134,0.04230769230769231,1002,11
gaussian,40,0.045414583237297815,0.04230769230769231,1002,11
gaussian,50,0.05465160291889368,0.04230769230769231,1002,11
gaussian,60,0.03801123102479131,0.04230769230769231,1002,11
gaussian,70,0.031089010301444123,0.04230769230769231,1002,11
gaussian,80,0.042401595286676294,0.04230769230769231,1002,11
gaussian,90,0.042414240746782655,0.04230769230769231,1002,11
gaussian,100,0.03758804155872154,0.04230769230769231,1002,11
gaussian,110,0.04703945430244206,0.04230769230769231,1002,11
gaussian,120,0.032692899901820775,0.04230769230769231,1002,11
gaussian,130,0.03603069824412038,0.04230769230769231,1002,11
gaussian,140,0.04091586488064238,0.04230769230769231,1002,11
gaussian,150,0.03364057711888782,0.04230769230769231,1002,11
gaussian,160,0.04203481919857094,0.04230769230769231,1002,11
gaussian,170,0.044378437415633236,0.04230769230769231,1002,11
gaussian,180,0.042334423574704606,0.04230769230769231,1002,11
gaussian,190,0.04447853573149181,0.04230769230769231,1002,11
gaussian,200,0.04611038218811387,0.04230769230769231,1002,11
gaussian,210,0.043502996522173126,0.04230769230769231,1002,11
gaussian,220,0.04636646212066457,0.04230769230769231,1002,11
gaussian,230,0.04323703547548328,0.04230769230769231,1002,11
gaussian,240,0.048523490014477616,0.04230769230769231,1002,11
gaussian,250,0.034286313795437,0.04230769230769231,1002,11
gaussian,260,0.04507373330057358,0.04230769230769231,1002,11
gaussian,270,0.04563962951564487,0.04230769230769231,1002,11
gaussian,280,0.042734438226198566,0.04230769230769231,1002,11
gaussian,290,0.036344662974330706,0.04230769230769231,1002,11
gaussian,300,0.04398446480644029,0.04230769230769231,1002,11
gaussian,310,0.03909029102999775,0.04230769230769231,1002,11
gaussian,320,0.03808032187452395,0.04230769230769231,1002,11
gaussian,330,0.046414374804948484,0.04230769230769231,1002,11
gaussian,340,0.05202726702849849,0.04230769230769231,1002,11
gaussian,350,0.04201536566719145,0.04230769230769231,1002,11
gaussian,360,0.04252106600122255,0.04230769230769231,1002,11
gaussian,370,0.03848173593984218,0.04230769230769231,1002,11
gaussian,380,0.051607570189272554,0.04230769230769231,1002,11
gaussian,390,0.04315680098929579,0.04230769230769231,1002,11
gaussian,400,0.046486085122378354,0.04230769230769231,1002,11
gaussian,410,0.04834315863966962,0.04230769230769231,1002,11
gaussian,420,0.037512221046897345,0.04230769230769231,1002,11
gaussian,430,0.04241511179360349,0.04230769230769231,1002,11
gaussian,440,0.0532815020616783,0.04230769230769231,1002,11
gaussian,450,0.03919382020518814,0.04230769230769231,1002,11
gaussian,460,0.04879427358832698,0.04230769230769231,1002,11
gaussian,470,0.03246729384066371,0.04230769230769231,1002,11
gaussian,480,0.040225671011310575,0.04230769230769231,1002,11
gaussian,490,0.04549294066658724,0.04230769230769231,1002,11
gaussian,500,0.042103219064641983,0.04230769230769231,1002,11
gaussian,510,0.03974976121201687,0.04230769230769231,1002,11
gaussian,520,0.04154290957021975,0.04230769230769231,1002,11
gaussian,530,0.038653628666486306,0.04230769230769231,1002,11
gaussian,540,0.036358086647516816,0.04230769230769231,1002,11
gaussian,550,0.048404072093213554,0.04230769230769231,1002,11
gaussian,560,0.06251531649941887,0.04230769230769231,1002,11
gaussian,570,0.04881893768449277,0.04230769230769231,1002,11
gaussian,580,0.03578634559959513,0.04230769230769231,1002,11
gaussian,590,0.04486671157747988,0.04230769230769231,1002,11
gaussian,600,0.04277698337653776,0.04230769230769231,1002,11
gaussian,610,0.047452610593293226,0.04230769230769231,1002,11
gaussian,620,0.0449693167826175,0.04230769230769231,1002,11
gaussian,630,0.03267267679816021,0.04230769230769231,1002,11
gaussian,640,0.04302416978848434,0.04230769230769231,1002,11
gaussian,650,0.03391370962309621,0.04230769230769231,1002,11
gaussian,660,0.03738530107355302,0.04230769230769231,1002,11
gaussian,670,0.03748047727115209,0.04230769230769231,1002,11
gaussian,680,0.03918658471862349,0.04230769230769231,1002,11
gaussian,690,0.04195303343601566,0.04230769230769231,1002,11
gaussian,700,0.032833141074598705,0.04230769230769231,1002,11
gaussian,710,0.041604977983046215,0.04230769230769231,1002,11
gaussian,720,0.04253054491436426,0.04230769230769231,1002,11
gaussian,730,0.045545816400816494,0.04230769230769231,1002,11
gaussian,740,0.04122870201203259,0.04230769230769231,1002,11
gaussian,750,0.04388476533000281,0.04230769230769231,1002,11
gaussian,760,0.03429192989185263,0.04230769230769231,1002,11
gaussian,770,0.04321778224649661,0.04230769230769231,1002,11
gaussian,780,0.0361272157502302,0.04230769230769231,1002,11
gaussian,790,0.03276198830992378,0.04230769230769231,1002,11
gaussian,800,0.04036825601101157,0.04230769230769231,1002,11
gaussian,10,0.051022264695030045,0.04230769230769231,1003,11
gaussian,20,0.030365567258453848,0.04230769230769231,1003,11
gaussian,30,0.03984300722991469,0.04230769230769231,1003,11
gaussian,40,0.05067673143731719,0.04230769230769231,1003,11
gaussian,50,0.04062972906473577,0.04230769230769231,1003,11
gaussian,60,0.04872010918875713,0.04230769230769231,1003,11
gaussian,70,0.04042549542241568,0.04230769230769231,1003,11
gaussian,80,0.04407036486982823,0.04230769230769231,1003,11
gaussian,90,0.05967259999875507,0.04230769230769231,1003,11
gaussian,100,0.03865655515362181,0.04230769230769231,1003,11
gaussian,110,0.035695835467768056,0.04230769230769231,1003,11
gaussian,120,0.048538577303876757,0.04230769230769231,1003,11
gaussian,130,0.04200663565909218,0.04230769230769231,1003,11
gaussian,140,0.03300889804409802,0.04230769230769231,1003,11
gaussian,150,0.0491862212383954,0.04230769230769231,1003,11
gaussian,160,0.045010673617201576,0.04230769230769231,1003,11
gaussian,170,0.04096311956264526,0.04230769230769231,1003,11
gaussian,180,0.03353533565115507,0.04230769230769231,1003,11
gaussian,190,0.04932480724072914,0.04230769230769231,1003,11
gaussian,200,0.05985113504878201,0.04230769230769231,1003,11
gaussian,210,0.04742612408094266,0.04230769230769231,1003,11
gaussian,220,0.04387499499420694,0.04230769230769231,1003,11
gaussian,230,0.04447054077853269,0.04230769230769231,1003,11
gaussian,240,0.046296403077330364,0.04230769230769231,1003,11
gaussian,250,0.03910738486635172,0.04230769230769231,1003,11
gaussian,260,0.04274064479632964,0.04230769230769231,1003,11
gaussian,270,0.048431613648337805,0.04230769230769231,1003,11
gaussian,280,0.044163413050138184,0.04230769230769231,1003,11
gaussian,290,0.048285404544648365,0.04230769230769231,1003,11
gaussian,300,0.04981087599578027,0.04230769230769231,1003,11
gaussian,310,0.061771009108111216,0.04230769230769231,1003,11
gaussian,320,0.04748533942081846,0.04230769230769231,1003,11
gaussian,330,0.04039258830650735,0.04230769230769231,1003,11
gaussian,340,0.042808245770736025,0.04230769230769231,1003,11
gaussian,350,0.03825466192292631,0.04230769230769231,1003,11
gaussian,360,0.041132174871848365,0.04230769230769231,1003,11
gaussian,370,0.04960439673765753,0.04230769230769231,1003,11
gaussian,380,0.049905587832264245,0.04230769230769231,1003,11
gaussian,390,0.035526296441226915,0.04230769230769231,1003,11
gaussian,400,0.055584864278133854,0.04230769230769231,1003,11
gaussian,410,0.04967621532413303,0.04230769230769231,1003,11
gaussian,420,0.046415687420967515,0.04230769230769231,1003,11
gaussian,430,0.04306954288231123,0.04230769230769231,1003,11
gaussian,440,0.03940330159352595,0.04230769230769231,1003,11
gaussian,450,0.035158531377904374,0.04230769230769231,1003,11
gaussian,460,0.039550266181875265,0.04230769230769231,1003,11
gaussian,470,0.04936994769161158,0.04230769230769231,1003,11
gaussian,480,0.04696656470959193,0.04230769230769231,1003,11
gaussian,490,0.04371652288024483,0.04230769230769231,1003,11
gaussian,500,0.04952085975393168,0.04230769230769231,1003,11
gaussian,510,0.047215803281032365,0.04230769230769231,1003,11
gaussian,520,0.03804738082065375,0.04230769230769231,1003,11
gaussian,530,0.041724153127410075,0.04230769230769231,1003,11
gaussian,540,0.04003508988219834,0.04230769230769231,1003,11
gaussian,550,0.03854862859103395,0.04230769230769231,1003,11
gaussian,560,0.05288109288603444,0.04230769230769231,1003,11
gaussian,570,0.03403373787437439,0.04230769230769231,1003,11
gaussian,580,0.043294157181631994,0.04230769230769231,1003,11
gaussian,590,0.04479603401772295,0.04230769230769231,1003,11
gaussian,600,0.04141280548874209,0.04230769230769231,1003,11
gaussian,610,0.048354032425110494,0.04230769230769231,1003,11
gaussian,620,0.04630707552374471,0.04230769230769231,1003,11
gaussian,630,0.04107984075395761,0.04230769230769231,1003,11
gaussian,640,0.041705497705789324,0.04230769230769231,1003,11
gaussian,650,0.0480385956290525,0.04230769230769231,1003,11
gaussian,660,0.048310711708569286,0.04230769230769231,1003,11
gaussian,670,0.0385801480869066,0.04230769230769231,1003,11
gaussian,680,0.03713601058988217,0.04230769230769231,1003,11
gaussian,690,0.039569512502918576,0.04230769230769231,1003,11
gaussian,700,0.04818696569907357,0.04230769230769231,1003,11
gaussian,710,0.03614944425040401,0.04230769230769231,1003,11
gaussian,720,0.045143248284332575,0.04230769230769231,1003,11
gaussian,730,0.03986160890590121,0.04230769230769231,1003,11
gaussian,740,0.040994016893722944,0.04230769230769231,1003,11
gaussian,750,0.03857705044202845,0.04230769230769231,1003,11
gaussian,760,0.0405353876682762,0.04230769230769231,1003,11
gaussian,770,0.033299545015094585,0.04230769230769231,1003,11
gaussian,780,0.04548847381686107,0.04230769230769231,1003,11
gaussian,790,0.04581447930333142,0.04230769230769231,1003,11
gaussian,800,0.04950751750059034,0.04230769230769231,1003,11
gaussian,10,0.04365573305126675,0.04230769230769231,1004,11
gaussian,20,0.04304680980522536,0.04230769230769231,1004,11
gaussian,30,0.04290143757865335,0.04230769230769231,1004,11
gaussian,40,0.03629784020183852,0.04230769230769231,1004,11
gaussian,50,0.05255165345693424,0.04230769230769231,1004,11
gaussian,60,0.030489272386681254,0.04230769230769231,1004,11
gaussian,70,0.04539516080380351,0.04230769230769231,1004,11
gaussian,80,0.04341130815900807,0.04230769230769231,1004,11
gaussian,90,0.04376552883345844,0.04230769230769231,1004,11
gaussian,100,0.03919605397891973,0.04230769230769231,1004,11
gaussian,110,0.044623062104523756,0.04230769230769231,1004,11
gaussian,120,0.048002812256761236,0.04230769230769231,1004,11
gaussian,130,0.04805298443657621,0.04230769230769231,1004,11
gaussian,140,0.05467098266228812,0.04230769230769231,1004,11
gaussian,150,0.04470229658469322,0.04230769230769231,1004,11
gaussian,160,0.04063190978495819,0.04230769230769231,1004,11
gaussian,170,0.05010934676507218,0.04230769230769231,1004,11
gaussian,180,0.0373230544584727,0.04230769230769231,1004,11
gaussian,190,0.049154320780805685,0.04230769230769231,1004,11
gaussian,200,0.037655878198532076,0.04230769230769231,1004,11
gaussian,210,0.04533870665588164,0.04230769230769231,1004,11
gaussian,220,0.039151730433335,0.04230769230769231,1004,11
gaussian,230,0.0412764945838707,0.04230769230769231,1004,11
gaussian,240,0.04324694180001381,0.04230769230769231,1004,11
gaussian,250,0.047244205187763955,0.04230769230769231,1004,11
gaussian,260,0.04170599767934127,0.04230769230769231,1004,11
gaussian,270,0.04535341974815699,0.04230769230769231,1004,11
gaussian,280,0.03783613566802403,0.04230769230769231,1004,11
gaussian,290,0.041553199066318644,0.04230769230769231,1004,11
gaussian,300,0.041276401914230876,0.04230769230769231,1004,11
gaussian,310,0.0409944412817809,0.04230769230769231,1004,11
gaussian,320,0.0436397389561046,0.04230769230769231,1004,11
gaussian,330,0.03636815378946919,0.04230769230769231,1004,11
gaussian,340,0.03531341468457555,0.04230769230769231,1004,11
gaussian,350,0.05527976059411599,0.04230769230769231,1004,11
gaussian,360,0.04961032105671484,0.04230769230769231,1004,11
gaussian,370,0.04367536056853591,0.04230769230769231,1004,11
gaussian,380,0.03770780899735733,0.04230769230769231,1004,11
gaussian,390,0.03671223003826991,0.04230769230769231,1004,11
gaussian,400,0.03280386775854585,0.04230769230769231,1004,11
gaussian,410,0.0441161612696352,0.04230769230769231,1004,11
gaussian,420,0.045887498813762174,0.04230769230769231,1004,11
gaussian,430,0.03456001493000656,0.04230769230769231,1004,11
gaussian,440,0.0366784968234798,0.04230769230769231,1004,11
gaussian,450,0.0407753996489909,0.04230769230769231,1004,11
gaussian,460,0.04761279905369208,0.04230769230769231,1004,11
gaussian,470,0.04520606670172163,0.04230769230769231,1004,11
gaussian,480,0.03825250142513887,0.04230769230769231,1004,11
gaussian,490,0.04529737855648944,0.04230769230769231,1004,11
gaussian,500,0.037877250365345824,0.04230769230769231,1004,11
gaussian,510,0.02979744702523138,0.04230769230769231,1004,11
gaussian,520,0.035641293663638024,0.04230769230769231,1004,11
gaussian,530,0.03959682846876348,0.04230769230769231,1004,11
gaussian,540,0.04112291208291847,0.04230769230769231,1004,11
gaussian,550,0.040244031173523584,0.04230769230769231,1004,11
gaussian,560,0.038238740812112676,0.04230769230769231,1004,11
gaussian,570,0.031976087157704065,0.04230769230769231,1004,11
gaussian,580,0.042518224060204064,0.04230769230769231,1004,11
gaussian,590,0.0409436642715337,0.04230769230769231,1004,11
gaussian,600,0.042237898530547976,0.04230769230769231,1004,11
gaussian,610,0.03955296110902488,0.04230769230769231,1004,11
gaussian,620,0.04247788095205712,0.04230769230769231,1004,11
gaussian,630,0.03811910472766756,0.04230769230769231,1004,11
gaussian,640,0.050897587159294086,0.04230769230769231,1004,11
gaussian,650,0.03882661368398683,0.04230769230769231,1004,11
gaussian,660,0.04383570931909084,0.04230769230769231,1004,11
gaussian,670,0.048112496133917874,0.04230769230769231,1004,11
gaussian,680,0.04088964537241158,0.04230769230769231,1004,11
gaussian,690,0.06354611759524997,0.04230769230769231,1004,11
gaussian,700,0.03873725954135467,0.04230769230769231,1004,11
gaussian,710,0.0405580801359282,0.04230769230769231,1004,11
gaussian,720,0.03674546388418176,0.04230769230769231,1004,11
gaussian,730,0.041233780969511566,0.04230769230769231,1004,11
gaussian,740,0.0476865573807828,0.04230769230769231,1004,11
gaussian,750,0.03878613883728879,0.04230769230769231,1004,11
gaussian,760,0.03390160896914092,0.04230769230769231,1004,11
gaussian,770,0.03261373994785535,0.04230769230769231,1004,11
gaussian,780,0.04525407844551888,0.04230769230769231,1004,11
gaussian,790,0.036812896892900855,0.04230769230769231,1004,11
gaussian,800,0.041645486647609004,0.04230769230769231,1004,11
