arm,difference,recorded,replayed,seed
normalised,0.0,0.4079830996796892,0.4079830996796892,1000
normalised,0.0,0.3329324036254621,0.3329324036254621,1001
normalised,0.0,1.077154700609567,1.077154700609567,1002
normalised,0.0,0.8779889844603516,0.8779889844603516,1003
normalised,0.0,0.19066235713239657,0.19066235713239657,1004
normalised,0.0,0.00039764041170544377,0.00039764041170544377,1005
normalised,0.0,0.0009219671113906311,0.0009219671113906311,1006
normalised,0.0,0.5755696951782815,0.5755696951782815,1007
normalised,0.0,0.32757266203264485,0.32757266203264485,1008
normalised,0.0,0.0016607100001179574,0.0016607100001179574,1009
gaussian,0.0,0.34529503633901265,0.34529503633901265,1000
gaussian,0.0,1.0640998093812588,1.0640998093812588,1001
gaussian,0.0,0.8717938782918988,0.8717938782918988,1002
gaussian,0.0,0.5488398879368902,0.5488398879368902,1003
gaussian,0.0,0.183328943897878,0.183328943897878,1004
gaussian,0.0,0.8763867948361705,0.8763867948361705,1005
gaussian,0.0,0.19057877408574014,0.19057877408574014,1006
gaussian,0.0,0.2519469588310658,0.2519469588310658,1007
gaussian,0.0,0.1519497169671954,0.1519497169671954,1008
gaussian,0.0,0.5001736957527373,0.5001736957527373,1009
de_rand_1_bin,0.0,0.42120092540458526,0.42120092540458526,1000
de_rand_1_bin,0.0,0.5204086642103962,0.5204086642103962,1001
de_rand_1_bin,0.0,0.43222218741494584,0.43222218741494584,1002
de_rand_1_bin,0.0,0.00476237408594365,0.00476237408594365,1003
de_rand_1_bin,0.0,0.006066245592267931,0.006066245592267931,1004
de_rand_1_bin,0.0,0.6108683535220689,0.6108683535220689,1005
de_rand_1_bin,0.0,0.0007198540676034398,0.0007198540676034398,1006
de_rand_1_bin,0.0,0.6039810384345832,0.6039810384345832,1007
de_rand_1_bin,0.0,0.34594424215846425,0.34594424215846425,1008
de_rand_1_bin,0.0,0.005387695033191886,0.005387695033191886,1009
